1,allan.sherwood@yahoo.com,Sherwood,Allan,21 Rosewood Rd.,,Woodcliff Lake,NJ,07677,100 East Ridgewood Ave.,,Paramus,NJ,07652
2,barryz@gmail.com,Zimmer,Barry,16285 Wendell St.,,Omaha,NE,68135,16285 Wendell St.,,Omaha,NE,68135
3,christineb@solarone.com,Brown,Christine,19270 NW Cornell Rd.,,Beaverton,OR,97006,19270 NW Cornell Rd.,,Beaverton,OR,97006
4,david.goldstein@hotmail.com,Goldstein,David,1374 46th Ave.,,San Francisco,CA,94129,186 Vermont St.,Apt. 2,San Francisco,CA,94110
5,erinv@gmail.com,Valentino,Erin,6982 Palm Ave.,,Fresno,CA,93711,6982 Palm Ave.,,Fresno,CA,93711
6,frankwilson@sbcglobal.net,Wilson,Frank Lee,23 Mountain View St.,,Denver,CO,80208,23 Mountain View St.,,Denver,CO,80208
7,gary_hernandez@yahoo.com,Hernandez,Gary,3829 Broadway Ave.,Suite 2,New York,NY,10012,7361 N. 41st St.,Apt. B,New York,NY,10012
8,heatheresway@mac.com,Esway,Heather,291 W. Hollywood Blvd.,,Los Angeles,CA,90024,2381 Buena Vista St.,,Los Angeles,CA,90023
9,jbutt@gmail.com,Butt,James,96950 Hidden Ln,,Aberdeen,MD,21001,96950 Hidden Ln,,Aberdeen,MD,21001
10,josephine_darakjy@darakjy.org,Darakjy,Josephine,6980 Dorsett Rd,,Abilene,KS,67410,6980 Dorsett Rd,,Abilene,KS,67410
11,art@venere.org,Venere,Art,5 E Truman Rd,,Abilene,TX,79602,33 State St,,Abilene,TX,79601
12,lpaprocki@hotmail.com,Paprocki,Lenna,8284 Hart St,,Abilene,KS,67410,8284 Hart St,,Abilene,KS,67410
13,donette.foller@cox.net,Foller,Donette,9387 Charcot Ave,,Absecon,NJ,8201,9387 Charcot Ave,,Absecon,NJ,8201
14,simona@morasca.com,Morasca,Simona,3777 E Richmond St #900,,Akron,OH,44302,3777 E Richmond St #900,,Akron,OH,44302
15,mitsue_tollner@yahoo.com,Tollner,Mitsue,9390 S Howell Ave,,Albany,GA,31701,74 S Westgate St,,Albany,NY,12204
16,leota@hotmail.com,Dilliard,Leota,89992 E 15th St,,Alliance,NE,69301,89992 E 15th St,,Alliance,NE,69301
17,sage_wieser@cox.net,Wieser,Sage,812 S Haven St,,Amarillo,TX,79109,812 S Haven St,,Amarillo,TX,79109
18,kris@gmail.com,Marrier,Kris,72119 S Walker Ave #63,,Anaheim,CA,92801,72119 S Walker Ave #63,,Anaheim,CA,92801
19,minna_amigon@yahoo.com,Amigon,Minna,18 Fountain St,,Anchorage,AK,99515,639 Main St,,Anchorage,AK,99501
20,amaclead@gmail.com,Maclead,Abel,1747 Calle Amanecer #2,,Anchorage,AK,99501,1747 Calle Amanecer #2,,Anchorage,AK,99501
21,kiley.caldarera@aol.com,Caldarera,Kiley,735 Crawford Dr,,Anchorage,AK,99501,735 Crawford Dr,,Anchorage,AK,99501
22,gruta@cox.net,Ruta,Graciela,560 Civic Center Dr,,Ann Arbor,MI,48103,560 Civic Center Dr,,Ann Arbor,MI,48103
23,calbares@gmail.com,Albares,Cammy,747 Leonis Blvd,,Annandale,VA,22003,747 Leonis Blvd,,Annandale,VA,22003
24,mattie@aol.com,Poquette,Mattie,70099 E North Ave,,Arlington,TX,76013,70099 E North Ave,,Arlington,TX,76013
25,meaghan@hotmail.com,Garufi,Meaghan,73 W Barstow Ave,,Arlington Heights,IL,60004,73 W Barstow Ave,,Arlington Heights,IL,60004
26,gladys.rim@rim.org,Rim,Gladys,3 Mcauley Dr,,Ashland,OH,44805,3 Mcauley Dr,,Ashland,OH,44805
27,yuki_whobrey@aol.com,Whobrey,Yuki,6 S 33rd St,,Aston,PA,19014,6 S 33rd St,,Aston,PA,19014
28,fletcher.flosi@yahoo.com,Flosi,Fletcher,92 Broadway,,Astoria,NY,11103,92 Broadway,,Astoria,NY,11103
29,bette_nicka@cox.net,Nicka,Bette,26 Montgomery St,,Atlanta,GA,30328,45 2nd Ave #9759,,Atlanta,GA,30328
30,vinouye@aol.com,Inouye,Veronika,187 Market St,,Atlanta,GA,30342,187 Market St,,Atlanta,GA,30342
31,willard@hotmail.com,Kolmetz,Willard,82 Winsor St #54,,Atlanta,GA,30340,82 Winsor St #54,,Atlanta,GA,30340
32,mroyster@royster.com,Royster,Maryann,506 S Hacienda Dr,,Atlantic City,NJ,8401,92 Main St,,Atlantic City,NJ,8401
33,alisha@slusarski.com,Slusarski,Alisha,2026 N Plankinton Ave #3,,Austin,TX,78754,59 N Groesbeck Hwy,,Austin,TX,78731
34,allene_iturbide@cox.net,Iturbide,Allene,3125 Packer Ave #9851,,Austin,TX,78753,3125 Packer Ave #9851,,Austin,TX,78753
35,chanel.caudy@caudy.org,Caudy,Chanel,228 Runamuck Pl #2808,,Baltimore,MD,21224,228 Runamuck Pl #2808,,Baltimore,MD,21224
36,ezekiel@chui.com,Chui,Ezekiel,6 Kains Ave,,Baltimore,MD,21215,6 Kains Ave,,Baltimore,MD,21215
37,wkusko@yahoo.com,Kusko,Willow,2 S Biscayne Blvd,,Baltimore,MD,21230,2 S Biscayne Blvd,,Baltimore,MD,21230
38,bfigeroa@aol.com,Figeroa,Bernardo,4 Iwaena St,,Baltimore,MD,21202,4 Iwaena St,,Baltimore,MD,21202
39,ammie@corrio.com,Corrio,Ammie,2 W Scyene Rd #3,,Baltimore,MD,21217,2 W Scyene Rd #3,,Baltimore,MD,21217
40,francine_vocelka@vocelka.com,Vocelka,Francine,34 Saint George Ave #2,,Bangor,ME,4401,37855 Nolan Rd,,Bangor,ME,4401
41,ernie_stenseth@aol.com,Stenseth,Ernie,95 Main Ave #2,,Barberton,OH,44203,95 Main Ave #2,,Barberton,OH,44203
42,albina@glick.com,Glick,Albina,70 W Main St,,Beachwood,OH,44122,70 W Main St,,Beachwood,OH,44122
43,asergi@gmail.com,Sergi,Alishia,3 Elmwood Dr,,Beaverton,OR,97005,3 Elmwood Dr,,Beaverton,OR,97005
44,solange@shinko.com,Shinko,Solange,34 Raritan Center Pky,,Bellflower,CA,90706,34 Raritan Center Pky,,Bellflower,CA,90706
45,jose@yahoo.com,Stockham,Jose,64 Lakeview Ave,,Beloit,WI,53511,64 Lakeview Ave,,Beloit,WI,53511
46,rozella.ostrosky@ostrosky.com,Ostrosky,Rozella,2887 Knowlton St #5435,,Berkeley,CA,94710,2887 Knowlton St #5435,,Berkeley,CA,94710
47,valentine_gillian@gmail.com,Gillian,Valentine,598 43rd St,,Beverly Hills,CA,90210,429 Tiger Ln,,Beverly Hills,CA,90212
48,kati.rulapaugh@hotmail.com,Rulapaugh,Kati,5 Elmwood Park Blvd,,Biloxi,MS,39530,5 Elmwood Park Blvd,,Biloxi,MS,39530
49,youlanda@aol.com,Schemmer,Youlanda,9506 Edgemore Ave,,Bladensburg,MD,20710,9506 Edgemore Ave,,Bladensburg,MD,20710
50,doldroyd@aol.com,Oldroyd,Dyan,539 Coldwater Canyon Ave,,Bloomfield,NJ,7003,539 Coldwater Canyon Ave,,Bloomfield,NJ,7003
51,roxane@hotmail.com,Campain,Roxane,772 W River Dr,,Bloomington,IN,47404,772 W River Dr,,Bloomington,IN,47404
52,lperin@perin.org,Perin,Lavera,70 Euclid Ave #722,,Bohemia,NY,11716,70 Euclid Ave #722,,Bohemia,NY,11716
53,erick.ferencz@aol.com,Ferencz,Erick,9635 S Main St,,Boise,ID,83704,74 W College St,,Boise,ID,83707
54,fsaylors@saylors.org,Saylors,Fatima,67 Rv Cent,,Boise,ID,83709,67 Rv Cent,,Boise,ID,83709
55,jina_briddick@briddick.com,Briddick,Jina,8 County Center Dr #647,,Boston,MA,2210,38938 Park Blvd,,Boston,MA,2128
56,kanisha_waycott@yahoo.com,Waycott,Kanisha,5 S Colorado Blvd #449,,Bothell,WA,98021,5 S Colorado Blvd #449,,Bothell,WA,98021
57,emerson.bowley@bowley.org,Bowley,Emerson,4 Webbs Chapel Rd,,Boulder,CO,80303,4 Webbs Chapel Rd,,Boulder,CO,80303
58,bmalet@yahoo.com,Malet,Blair,8590 Lake Lizzie Dr,,Bowling Green,OH,43402,8590 Lake Lizzie Dr,,Bowling Green,OH,43402
59,bbolognia@yahoo.com,Bolognia,Brock,70295 Pioneer Ct,,Brandon,FL,33511,70295 Pioneer Ct,,Brandon,FL,33511
60,lnestle@hotmail.com,Nestle,Lorrie,8 W Cerritos Ave #54,,Bridgeport,NJ,8014,8 W Cerritos Ave #54,,Bridgeport,NJ,8014
61,sabra@uyetake.org,Uyetake,Sabra,46314 Route 130,,Bridgeport,CT,6610,46314 Route 130,,Bridgeport,CT,6610
62,mmastella@mastella.com,Mastella,Marjory,50 E Wacker Dr,,Bridgewater,NJ,8807,50 E Wacker Dr,,Bridgewater,NJ,8807
63,karl_klonowski@yahoo.com,Klonowski,Karl,3732 Sherman Ave,,Bridgewater,NJ,8807,3732 Sherman Ave,,Bridgewater,NJ,8807
64,twenner@aol.com,Wenner,Tonette,4 B Blue Ridge Blvd,,Brighton,MI,48116,4 B Blue Ridge Blvd,,Brighton,MI,48116
65,amber_monarrez@monarrez.org,Monarrez,Amber,6 Gilson St,,Bronx,NY,10468,6 Gilson St,,Bronx,NY,10468
66,shenika@gmail.com,Seewald,Shenika,617 Nw 36th Ave,,Brook Park,OH,44142,617 Nw 36th Ave,,Brook Park,OH,44142
67,delmy.ahle@hotmail.com,Ahle,Delmy,25657 Live Oak St,,Brooklyn,NY,11226,25657 Live Oak St,,Brooklyn,NY,11226
68,deeanna_juhas@gmail.com,Juhas,Deeanna,64 Newman Springs Rd E,,Brooklyn,NY,11219,64 Newman Springs Rd E,,Brooklyn,NY,11219
69,bpugh@aol.com,Pugh,Blondell,61047 Mayfield Ave,,Brooklyn,NY,11223,61047 Mayfield Ave,,Brooklyn,NY,11223
70,jamal@vanausdal.org,Vanausdal,Jamal,49 N Mays St,,Broussard,LA,70518,49 N Mays St,,Broussard,LA,70518
71,cecily@hollack.org,Hollack,Cecily,8116 Mount Vernon Ave,,Bucyrus,OH,44820,8116 Mount Vernon Ave,,Bucyrus,OH,44820
72,carmelina_lindall@lindall.com,Lindall,Carmelina,42754 S Ash Ave,,Buffalo,NY,14228,42754 S Ash Ave,,Buffalo,NY,14228
73,maurine_yglesias@yglesias.com,Yglesias,Maurine,4800 Black Horse Pike,,Burlingame,CA,94010,4800 Black Horse Pike,,Burlingame,CA,94010
74,tawna@gmail.com,Buvens,Tawna,33 Lewis Rd #46,,Burlington,NC,27215,33 Lewis Rd #46,,Burlington,NC,27215
75,penney_weight@aol.com,Weight,Penney,9 Tower Ave,,Burlington,KY,41005,9 Tower Ave,,Burlington,KY,41005
76,elly_morocco@gmail.com,Morocco,Elly,170 Wyoming Ave,,Burnsville,MN,55337,170 Wyoming Ave,,Burnsville,MN,55337
77,ilene.eroman@hotmail.com,Eroman,Ilene,7061 N 2nd St,,Burnsville,MN,55337,7061 N 2nd St,,Burnsville,MN,55337
78,vmondella@mondella.com,Mondella,Vallie,3829 Ventura Blvd,,Butte,MT,59701,3829 Ventura Blvd,,Butte,MT,59701
79,kallie.blackwood@gmail.com,Blackwood,Kallie,17 Morena Blvd,,Camarillo,CA,93012,17 Morena Blvd,,Camarillo,CA,93012
80,johnetta_abdallah@aol.com,Abdallah,Johnetta,25 Se 176th Pl,,Cambridge,MA,2138,25 Se 176th Pl,,Cambridge,MA,2138
81,brhym@rhym.com,Rhym,Bobbye,1 Garfield Ave #7,,Canton,OH,44707,1 Garfield Ave #7,,Canton,OH,44707
82,micaela_rhymes@gmail.com,Rhymes,Micaela,94 W Dodge Rd,,Carson City,NV,89701,94 W Dodge Rd,,Carson City,NV,89701
83,tamar@hotmail.com,Hoogland,Tamar,13252 Lighthouse Ave,,Cathedral City,CA,92234,13252 Lighthouse Ave,,Cathedral City,CA,92234
84,moon@yahoo.com,Parlato,Moon,6 S Broadway St,,Cedar Grove,NJ,7009,6 S Broadway St,,Cedar Grove,NJ,7009
85,laurel_reitler@reitler.com,Reitler,Laurel,98 Connecticut Ave Nw,,Chagrin Falls,OH,44023,98 Connecticut Ave Nw,,Chagrin Falls,OH,44023
86,delisa.crupi@crupi.com,Crupi,Delisa,1088 Pinehurst St,,Chapel Hill,NC,27514,1088 Pinehurst St,,Chapel Hill,NC,27514
87,viva.toelkes@gmail.com,Toelkes,Viva,43496 Commercial Dr #29,,Cherry Hill,NJ,8003,501 N 19th Ave,,Cherry Hill,NJ,8002
88,elza@yahoo.com,Lipke,Elza,38773 Gravois Ave,,Cheyenne,WY,82001,38773 Gravois Ave,,Cheyenne,WY,82001
89,devorah@hotmail.com,Chickering,Devorah,7 Eads St,,Chicago,IL,60632,7 Eads St,,Chicago,IL,60632
90,timothy_mulqueen@mulqueen.org,Mulqueen,Timothy,4284 Dorigo Ln,,Chicago,IL,60647,4284 Dorigo Ln,,Chicago,IL,60647
91,ahoneywell@honeywell.com,Honeywell,Arlette,4 Warehouse Point Rd #7,,Chicago,IL,60638,4 Warehouse Point Rd #7,,Chicago,IL,60638
92,dominque.dickerson@dickerson.org,Dickerson,Dominque,137 Pioneer Way,,Chicago,IL,60604,137 Pioneer Way,,Chicago,IL,60604
93,lettie_isenhower@yahoo.com,Isenhower,Lettie,9 Murfreesboro Rd,,Chicago,IL,60623,9 Murfreesboro Rd,,Chicago,IL,60623
94,mmunns@cox.net,Munns,Myra,45 E Acacia Ct,,Chicago,IL,60624,45 E Acacia Ct,,Chicago,IL,60624
95,stephaine@barfield.com,Barfield,Stephaine,72 Beechwood Ter,,Chicago,IL,60657,72 Beechwood Ter,,Chicago,IL,60657
96,lai.gato@gato.org,Gato,Lai,72 Mannix Dr,,Cincinnati,OH,45203,72 Mannix Dr,,Cincinnati,OH,45203
97,stephen_emigh@hotmail.com,Emigh,Stephen,868 State St #38,,Cincinnati,OH,45251,868 State St #38,,Cincinnati,OH,45251
98,tshields@gmail.com,Shields,Tyra,7 Tarrytown Rd,,Cincinnati,OH,45217,7 Tarrytown Rd,,Cincinnati,OH,45217
99,twardrip@cox.net,Wardrip,Tammara,83 County Road 437 #8581,,Clarks Summit,PA,18411,83 County Road 437 #8581,,Clarks Summit,PA,18411
100,cory.gibes@gmail.com,Gibes,Cory,2845 Boulder Crescent St,,Cleveland,OH,44103,2845 Boulder Crescent St,,Cleveland,OH,44103
101,danica_bruschke@gmail.com,Bruschke,Danica,80 Pittsford Victor Rd #9,,Cleveland,OH,44103,80 Pittsford Victor Rd #9,,Cleveland,OH,44103
102,wilda@cox.net,Giguere,Wilda,82 Us Highway 46,,Clifton,NJ,7011,82 Us Highway 46,,Clifton,NJ,7011
103,elvera.benimadho@cox.net,Benimadho,Elvera,47857 Coney Island Ave,,Clinton,MD,20735,47857 Coney Island Ave,,Clinton,MD,20735
104,carma@cox.net,Vanheusen,Carma,31 Douglas Blvd #950,,Clovis,NM,88101,31 Douglas Blvd #950,,Clovis,NM,88101
105,malinda.hochard@yahoo.com,Hochard,Malinda,383 Gunderman Rd #197,,Coatesville,PA,19320,383 Gunderman Rd #197,,Coatesville,PA,19320
106,natalie.fern@hotmail.com,Fern,Natalie,8597 W National Ave,,Cocoa,FL,32922,8597 W National Ave,,Cocoa,FL,32922
107,lisha@centini.org,Centini,Lisha,9 Vanowen St,,College Station,TX,77840,9 Vanowen St,,College Station,TX,77840
108,arlene_klusman@gmail.com,Klusman,Arlene,8 Us Highway 22,,Colorado Springs,CO,80937,8 Us Highway 22,,Colorado Springs,CO,80937
109,alease@buemi.com,Buemi,Alease,721 Interstate 45 S,,Colorado Springs,CO,80919,721 Interstate 45 S,,Colorado Springs,CO,80919
110,louisa@cronauer.com,Cronauer,Louisa,98839 Hawthorne Blvd #6101,,Columbia,SC,29201,98839 Hawthorne Blvd #6101,,Columbia,SC,29201
111,angella.cetta@hotmail.com,Cetta,Angella,6882 Torresdale Ave,,Columbia,SC,29201,6882 Torresdale Ave,,Columbia,SC,29201
112,cgoldammer@cox.net,Goldammer,Cyndy,74874 Atlantic Ave,,Columbus,OH,43215,74874 Atlantic Ave,,Columbus,OH,43215
113,rosio.cork@gmail.com,Cork,Rosio,20932 Hedley St,,Concord,CA,94520,20932 Hedley St,,Concord,CA,94520
114,ckorando@hotmail.com,Korando,Celeste,523 Marquette Ave,,Concord,MA,1742,523 Marquette Ave,,Concord,MA,1742
115,twana.felger@felger.org,Felger,Twana,386 9th Ave N,,Conroe,TX,77301,386 9th Ave N,,Conroe,TX,77301
116,estrella@aol.com,Samu,Estrella,77132 Coon Rapids Blvd Nw,,Conroe,TX,77301,77132 Coon Rapids Blvd Nw,,Conroe,TX,77301
117,dkines@hotmail.com,Kines,Donte,80312 W 32nd St,,Conroe,TX,77301,80312 W 32nd St,,Conroe,TX,77301
118,tiffiny_steffensmeier@cox.net,Steffensmeier,Tiffiny,8728 S Broad St,,Coram,NY,11727,8728 S Broad St,,Coram,NY,11727
119,emiceli@miceli.org,Miceli,Edna,26659 N 13th St,,Costa Mesa,CA,92626,26659 N 13th St,,Costa Mesa,CA,92626
120,sue@aol.com,Kownacki,Sue,189 Village Park Rd,,Crestview,FL,32536,189 Village Park Rd,,Crestview,FL,32536
121,jshin@shin.com,Shin,Jesusa,177 S Rider Trl #52,,Crystal River,FL,34429,177 S Rider Trl #52,,Crystal River,FL,34429
122,rolland@cox.net,Francescon,Rolland,627 Walford Ave,,Dallas,TX,75227,627 Walford Ave,,Dallas,TX,75227
123,pamella.schmierer@schmierer.org,Schmierer,Pamella,99586 Main St,,Dallas,TX,75207,99586 Main St,,Dallas,TX,75207
124,gkulzer@kulzer.org,Kulzer,Glory,75684 S Withlapopka Dr #32,,Dallas,TX,75227,75684 S Withlapopka Dr #32,,Dallas,TX,75227
125,shawna_palaspas@palaspas.org,Palaspas,Shawna,8 S Haven St,,Daytona Beach,FL,32114,8 S Haven St,,Daytona Beach,FL,32114
126,brandon_callaro@hotmail.com,Callaro,Brandon,7116 Western Ave,,Dearborn,MI,48126,7116 Western Ave,,Dearborn,MI,48126
127,scarlet.cartan@yahoo.com,Cartan,Scarlet,3270 Dequindre Rd,,Deer Park,NY,11729,3270 Dequindre Rd,,Deer Park,NY,11729
128,oretha_menter@yahoo.com,Menter,Oretha,866 34th Ave,,Denver,CO,80231,866 34th Ave,,Denver,CO,80231
129,tsmith@aol.com,Smith,Ty,669 Packerland Dr #1438,,Denver,CO,80212,669 Packerland Dr #1438,,Denver,CO,80212
130,xuan@gmail.com,Rochin,Xuan,7563 Cornwall Rd #4462,,Denver,PA,17517,7563 Cornwall Rd #4462,,Denver,PA,17517
131,lindsey.dilello@hotmail.com,Dilello,Lindsey,76598 Rd  I 95 #1,,Denver,CO,80216,76598 Rd  I 95 #1,,Denver,CO,80216
132,devora_perez@perez.org,Perez,Devora,78 Maryland Dr #146,,Denville,NJ,7834,78 Maryland Dr #146,,Denville,NJ,7834
133,hdemesa@cox.net,Demesa,Herman,29 Cherry St #7073,,Des Moines,IA,50315,29 Cherry St #7073,,Des Moines,IA,50315
134,rpapasergi@cox.net,Papasergi,Rory,5384 Southwyck Blvd,,Douglasville,GA,30135,5384 Southwyck Blvd,,Douglasville,GA,30135
135,talia_riopelle@aol.com,Riopelle,Talia,4 Ralph Ct,,Dunellen,NJ,8812,4 Ralph Ct,,Dunellen,NJ,8812
136,van.shire@shire.com,Shire,Van,2167 Sierra Rd,,East Lansing,MI,48823,2167 Sierra Rd,,East Lansing,MI,48823
137,lucina_lary@cox.net,Lary,Lucina,2 Cedar Ave #84,,Easton,MD,21601,2 Cedar Ave #84,,Easton,MD,21601
138,bok.isaacs@aol.com,Isaacs,Bok,9 N 14th St,,El Cajon,CA,92020,9 N 14th St,,El Cajon,CA,92020
139,rolande.spickerman@spickerman.com,Spickerman,Rolande,395 S 6th St #2,,El Cajon,CA,92020,395 S 6th St #2,,El Cajon,CA,92020
140,hpaulas@gmail.com,Paulas,Howard,87 Sierra Rd,,El Monte,CA,91731,87 Sierra Rd,,El Monte,CA,91731
141,kimbery_madarang@cox.net,Madarang,Kimbery,92899 Kalakaua Ave,,El Paso,TX,79925,92899 Kalakaua Ave,,El Paso,TX,79925
142,thurman.manno@yahoo.com,Manno,Thurman,35 E Main St #43,,Elk Grove Village,IL,60007,35 E Main St #43,,Elk Grove Village,IL,60007
143,becky.mirafuentes@mirafuentes.com,Mirafuentes,Becky,2 Sw Nyberg Rd,,Elkhart,IN,46514,2 Sw Nyberg Rd,,Elkhart,IN,46514
144,beatriz@yahoo.com,Corrington,Beatriz,28 S 7th St #2824,,Englewood,NJ,7631,28 S 7th St #2824,,Englewood,NJ,7631
145,marti.maybury@yahoo.com,Maybury,Marti,17 Jersey Ave,,Englewood,CO,80110,17 Jersey Ave,,Englewood,CO,80110
146,nieves_gotter@gmail.com,Gotter,Nieves,7 W 32nd St,,Erie,PA,16502,7 W 32nd St,,Erie,PA,16502
147,lhagele@cox.net,Hagele,Leatha,555 Main St,,Erie,PA,16502,555 Main St,,Erie,PA,16502
148,vklimek@klimek.org,Klimek,Valentin,1 N San Saba,,Erie,PA,16501,1 N San Saba,,Erie,PA,16501
149,melissa@cox.net,Wiklund,Melissa,3989 Portage Tr,,Escondido,CA,92025,3989 Portage Tr,,Escondido,CA,92025
150,sheridan.zane@zane.com,Zane,Sheridan,105 Richmond Valley Rd,,Escondido,CA,92025,105 Richmond Valley Rd,,Escondido,CA,92025
151,bulah_padilla@hotmail.com,Padilla,Bulah,12270 Caton Center Dr,,Eugene,OR,97401,12270 Caton Center Dr,,Eugene,OR,97401
152,audra@kohnert.com,Kohnert,Audra,461 Prospect Pl #316,,Euless,TX,76040,461 Prospect Pl #316,,Euless,TX,76040
153,dweirather@aol.com,Weirather,Daren,37 Alabama Ave,,Evanston,IL,60201,37 Alabama Ave,,Evanston,IL,60201
154,fjillson@aol.com,Jillson,Fernanda,1048 Main St,,Fairbanks,AK,99708,1048 Main St,,Fairbanks,AK,99708
155,gearldine_gellinger@gellinger.com,Gellinger,Gearldine,20 S Babcock St,,Fairbanks,AK,99712,20 S Babcock St,,Fairbanks,AK,99712
156,chau@gmail.com,Kitzman,Chau,48 Lenox St,,Fairfax,VA,22030,48 Lenox St,,Fairfax,VA,22030
157,theola_frey@frey.com,Frey,Theola,9 Waydell St,,Fairfield,NJ,7004,9 Waydell St,,Fairfield,NJ,7004
158,cheryl@haroldson.org,Haroldson,Cheryl,87 Imperial Ct #79,,Fargo,ND,58102,87 Imperial Ct #79,,Fargo,ND,58102
159,lmerced@gmail.com,Merced,Laticia,1482 College Ave,,Fayetteville,NC,28301,1482 College Ave,,Fayetteville,NC,28301
160,carissa.batman@yahoo.com,Batman,Carissa,61 13 Stoneridge #835,,Findlay,OH,45840,61 13 Stoneridge #835,,Findlay,OH,45840
161,lezlie.craghead@craghead.org,Craghead,Lezlie,76 Brooks St #9,,Flemington,NJ,8822,76 Brooks St #9,,Flemington,NJ,8822
162,oshealy@hotmail.com,Shealy,Ozell,7 S Beverly Dr,,Fort Wayne,IN,46802,7 S Beverly Dr,,Fort Wayne,IN,46802
163,arminda@parvis.com,Parvis,Arminda,2 S 15th St,,Fort Worth,TX,76107,2 S 15th St,,Fort Worth,TX,76107
164,reita.leto@gmail.com,Leto,Reita,2 W Mount Royal Ave,,Fortville,IN,46040,2 W Mount Royal Ave,,Fortville,IN,46040
165,yolando@cox.net,Luczki,Yolando,7163 W Clark Rd,,Freehold,NJ,7728,7163 W Clark Rd,,Freehold,NJ,7728
166,lizette.stem@aol.com,Stem,Lizette,455 N Main Ave,,Garden City,NY,11530,455 N Main Ave,,Garden City,NY,11530
167,gpawlowicz@yahoo.com,Pawlowicz,Gregoria,16452 Greenwich St,,Garden City,NY,11530,16452 Greenwich St,,Garden City,NY,11530
168,cdeleo@deleo.com,Deleo,Carin,47154 Whipple Ave Nw,,Gardena,CA,90247,47154 Whipple Ave Nw,,Gardena,CA,90247
169,chantell@yahoo.com,Maynerich,Chantell,47939 Porter Ave,,Gardena,CA,90248,47939 Porter Ave,,Gardena,CA,90248
170,dyum@yahoo.com,Yum,Dierdre,2972 Lafayette Ave,,Gardena,CA,90248,2972 Lafayette Ave,,Gardena,CA,90248
171,larae_gudroe@gmail.com,Gudroe,Larae,35433 Blake St #588,,Gardena,CA,90248,35433 Blake St #588,,Gardena,CA,90248
172,latrice.tolfree@hotmail.com,Tolfree,Latrice,22 Spruce St #595,,Gardena,CA,90248,22 Spruce St #595,,Gardena,CA,90248
173,kerry.theodorov@gmail.com,Theodorov,Kerry,2853 S Central Expy,,Glen Burnie,MD,21061,2853 S Central Expy,,Glen Burnie,MD,21061
174,dhidvegi@yahoo.com,Hidvegi,Dorthy,79 S Howell Ave,,Grand Rapids,MI,49546,79 S Howell Ave,,Grand Rapids,MI,49546
175,fannie.lungren@yahoo.com,Lungren,Fannie,33 N Michigan Ave,,Green Bay,WI,54301,33 N Michigan Ave,,Green Bay,WI,54301
176,evangelina@aol.com,Radde,Evangelina,9 Plainsboro Rd #598,,Greensboro,NC,27409,9 Plainsboro Rd #598,,Greensboro,NC,27409
177,novella_degroot@degroot.org,Degroot,Novella,88827 Frankford Ave,,Greensboro,NC,27401,88827 Frankford Ave,,Greensboro,NC,27401
178,choa@hoa.org,Hoa,Clay,4646 Kaahumanu St,,Hackensack,NJ,7601,4646 Kaahumanu St,,Hackensack,NJ,7601
179,jfallick@yahoo.com,Fallick,Jennifer,34 Center St,,Hamilton,OH,45011,34 Center St,,Hamilton,OH,45011
180,irma.wolfgramm@hotmail.com,Wolfgramm,Irma,287 Youngstown Warren Rd,,Hampstead,MD,21074,287 Youngstown Warren Rd,,Hampstead,MD,21074
181,eun@yahoo.com,Coody,Eun,3387 Ryan Dr,,Hanover,MD,21076,3387 Ryan Dr,,Hanover,MD,21076
182,sylvia_cousey@cousey.org,Cousey,Sylvia,2 W Beverly Blvd,,Harrisburg,PA,17110,2 W Beverly Blvd,,Harrisburg,PA,17110
183,nana@aol.com,Wrinkles,Nana,88 Sw 28th Ter,,Harrison,NJ,7029,88 Sw 28th Ter,,Harrison,NJ,7029
184,layla.springe@cox.net,Springe,Layla,2500 Pringle Rd Se #508,,Hatfield,PA,19440,2500 Pringle Rd Se #508,,Hatfield,PA,19440
185,joesph_degonia@degonia.org,Degonia,Joesph,8100 Jacksonville Rd #7,,Hays,KS,67601,8100 Jacksonville Rd #7,,Hays,KS,67601
186,annabelle.boord@cox.net,Boord,Annabelle,38 Pleasant Hill Rd,,Hayward,CA,94545,69 Marquette Ave,,Hayward,CA,94545
187,stephaine@cox.net,Vinning,Stephaine,2184 Worth St,,Hayward,CA,94545,2184 Worth St,,Hayward,CA,94545
188,nelida@gmail.com,Sawchuk,Nelida,99 Tank Farm Rd,,Hazleton,PA,18201,99 Tank Farm Rd,,Hazleton,PA,18201
189,marguerita.hiatt@gmail.com,Hiatt,Marguerita,60 Old Dover Rd,,Hialeah,FL,33014,60 Old Dover Rd,,Hialeah,FL,33014
190,ccookey@cookey.org,Cookey,Carmela,2 Flynn Rd,,Hicksville,NY,11801,2 Flynn Rd,,Hicksville,NY,11801
191,jbrideau@aol.com,Brideau,Junita,4 10th St W,,High Point,NC,27263,4 10th St W,,High Point,NC,27263
192,claribel_varriano@cox.net,Varriano,Claribel,18 Waterloo Geneva Rd,,Highland Park,IL,60035,18 Waterloo Geneva Rd,,Highland Park,IL,60035
193,benton.skursky@aol.com,Skursky,Benton,303 N Radcliffe St,,Hilo,HI,96720,303 N Radcliffe St,,Hilo,HI,96720
194,hillary.skulski@aol.com,Skulski,Hillary,5161 Dorsett Rd,,Homestead,FL,33030,5161 Dorsett Rd,,Homestead,FL,33030
195,merilyn_bayless@cox.net,Bayless,Merilyn,9 Wales Rd Ne #914,,Homosassa,FL,34448,9 Wales Rd Ne #914,,Homosassa,FL,34448
196,tennaco@gmail.com,Ennaco,Teri,7 Benton Dr,,Honolulu,HI,96819,185 Blackstone Bldge,,Honolulu,HI,96817
197,merlyn_lawler@hotmail.com,Lawler,Merlyn,2 Lighthouse Ave,,Hopkins,MN,55343,2 Lighthouse Ave,,Hopkins,MN,55343
198,gmontezuma@cox.net,Montezuma,Georgene,6651 Municipal Rd,,Houma,LA,70360,6651 Municipal Rd,,Houma,LA,70360
199,jmconnell@hotmail.com,Mconnell,Jettie,14302 Pennsylvania Ave,,Huntingdon Valley,PA,19006,14302 Pennsylvania Ave,,Huntingdon Valley,PA,19006
200,lemuel.latzke@gmail.com,Latzke,Lemuel,60 Fillmore Ave,,Huntington Beach,CA,92647,60 Fillmore Ave,,Huntington Beach,CA,92647
201,mknipp@gmail.com,Knipp,Melodie,94 Chase Rd,,Hyattsville,MD,20785,94 Chase Rd,,Hyattsville,MD,20785
202,candida_corbley@hotmail.com,Corbley,Candida,55 Riverside Ave,,Indianapolis,IN,46202,55 Riverside Ave,,Indianapolis,IN,46202
203,karan_karpin@gmail.com,Karpin,Karan,55262 N French Rd,,Indianapolis,IN,46240,55262 N French Rd,,Indianapolis,IN,46240
204,andra@gmail.com,Scheyer,Andra,87393 E Highland Rd,,Indianapolis,IN,46220,87393 E Highland Rd,,Indianapolis,IN,46220
205,fpoullion@poullion.com,Poullion,Felicidad,6538 E Pomona St #60,,Indianapolis,IN,46222,6538 E Pomona St #60,,Indianapolis,IN,46222
206,belen_strassner@aol.com,Strassner,Belen,618 W Yakima Ave,,Irving,TX,75062,618 W Yakima Ave,,Irving,TX,75062
207,gracia@melnyk.com,Melnyk,Gracia,4 Bloomfield Ave,,Irving,TX,75061,4 Bloomfield Ave,,Irving,TX,75061
208,jhanafan@gmail.com,Hanafan,Jolanda,63517 Dupont St,,Jackson,MS,39211,63517 Dupont St,,Jackson,MS,39211
209,barrett.toyama@toyama.org,Toyama,Barrett,11279 Loytan St,,Jacksonville,FL,32254,11279 Loytan St,,Jacksonville,FL,32254
210,helga_fredicks@yahoo.com,Fredicks,Helga,97 Airport Loop Dr,,Jacksonville,FL,32216,97 Airport Loop Dr,,Jacksonville,FL,32216
211,apinilla@cox.net,Pinilla,Ashlyn,14288 Foster Ave #4121,,Jenkintown,PA,19046,14288 Foster Ave #4121,,Jenkintown,PA,19046
212,fausto_agramonte@yahoo.com,Agramonte,Fausto,4671 Alemany Blvd,,Jersey City,NJ,7304,4671 Alemany Blvd,,Jersey City,NJ,7304
213,ronny.caiafa@caiafa.org,Caiafa,Ronny,9 State Highway 57 #22,,Jersey City,NJ,7306,8 Sheridan Rd,,Jersey City,NJ,7304
214,marge@gmail.com,Limmel,Marge,5 Williams St,,Johnston,RI,2919,5 Williams St,,Johnston,RI,2919
215,norah.waymire@gmail.com,Waymire,Norah,2 A Kelley Dr,,Katonah,NY,10536,2 A Kelley Dr,,Katonah,NY,10536
216,aliza@aol.com,Baltimore,Aliza,4 Cowesett Ave,,Kearny,NJ,7032,4 Cowesett Ave,,Kearny,NJ,7032
217,mpelkowski@pelkowski.org,Pelkowski,Mozell,20113 4th Ave E,,Kearny,NJ,7032,20113 4th Ave E,,Kearny,NJ,7032
218,viola@gmail.com,Bitsuie,Viola,4252 N Washington Ave #9,,Kennedale,TX,76060,4252 N Washington Ave #9,,Kennedale,TX,76060
219,femard@emard.com,Emard,Franklyn,8772 Old County Rd #5410,,Kent,WA,98032,8772 Old County Rd #5410,,Kent,WA,98032
220,willodean_konopacki@konopacki.org,Konopacki,Willodean,3424 29th St Se,,Kerrville,TX,78028,3424 29th St Se,,Kerrville,TX,78028
221,beckie.silvestrini@silvestrini.com,Silvestrini,Beckie,810 N La Brea Ave,,King of Prussia,PA,19406,810 N La Brea Ave,,King of Prussia,PA,19406
222,rgesick@gesick.org,Gesick,Rebecka,2371 Jerrold Ave,,Kulpsville,PA,19443,2371 Jerrold Ave,,Kulpsville,PA,19443
223,frederica_blunk@gmail.com,Blunk,Frederica,4 E Colonial Dr,,La Mesa,CA,91942,4 E Colonial Dr,,La Mesa,CA,91942
224,glen_bartolet@hotmail.com,Bartolet,Glen,87895 Concord Rd,,La Mesa,CA,91942,87895 Concord Rd,,La Mesa,CA,91942
225,freeman_gochal@aol.com,Gochal,Freeman,55 Hawthorne Blvd,,Lafayette,LA,70506,55 Hawthorne Blvd,,Lafayette,LA,70506
226,vincent.meinerding@hotmail.com,Meinerding,Vincent,393 Hammond Dr,,Lafayette,LA,70506,43 Huey P Long Ave,,Lafayette,LA,70508
227,rima@cox.net,Bevelacqua,Rima,1 Washington St,,Lake Worth,FL,33461,1 Washington St,,Lake Worth,FL,33461
228,gsarbacher@gmail.com,Sarbacher,Glendora,3943 N Highland Ave,,Lancaster,PA,17601,3943 N Highland Ave,,Lancaster,PA,17601
229,avery@cox.net,Steier,Avery,206 Main St #2804,,Lansing,MI,48933,206 Main St #2804,,Lansing,MI,48933
230,cristy@lother.com,Lother,Cristy,56 E Morehead St,,Laredo,TX,78045,56 E Morehead St,,Laredo,TX,78045
231,nicolette_brossart@brossart.com,Brossart,Nicolette,366 South Dr,,Las Cruces,NM,88011,366 South Dr,,Las Cruces,NM,88011
232,tracey@hotmail.com,Modzelewski,Tracey,3 Railway Ave #75,,Little Falls,NJ,7424,3 Railway Ave #75,,Little Falls,NJ,7424
233,virgina_tegarden@tegarden.com,Tegarden,Virgina,1844 Southern Blvd,,Little Rock,AR,72202,1844 Southern Blvd,,Little Rock,AR,72202
234,tfrankel@aol.com,Frankel,Tiera,2664 Lewis Rd,,Littleton,CO,80126,2664 Lewis Rd,,Littleton,CO,80126
235,alaine_bergesen@cox.net,Bergesen,Alaine,13 S Hacienda Dr,,Livingston,NJ,7039,13 S Hacienda Dr,,Livingston,NJ,7039
236,earleen_mai@cox.net,Mai,Earleen,2737 Pistorio Rd #9230,,London,OH,43140,2737 Pistorio Rd #9230,,London,OH,43140
237,leonida@gobern.org,Gobern,Leonida,97 E 3rd St #9,,Long Island City,NY,11101,97 E 3rd St #9,,Long Island City,NY,11101
238,ressie.auffrey@yahoo.com,Auffrey,Ressie,50126 N Plankinton Ave,,Longwood,FL,32750,50126 N Plankinton Ave,,Longwood,FL,32750
239,jmugnolo@yahoo.com,Mugnolo,Justine,25 E 75th St #69,,Los Angeles,CA,90034,25 E 75th St #69,,Los Angeles,CA,90034
240,eladia@saulter.com,Saulter,Eladia,3882 W Congress St #799,,Los Angeles,CA,90016,5 Tomahawk Dr,,Los Angeles,CA,90006
241,chaya@malvin.com,Malvin,Chaya,4119 Metropolitan Dr,,Los Angeles,CA,90021,4119 Metropolitan Dr,,Los Angeles,CA,90021
242,gwenn_suffield@suffield.org,Suffield,Gwenn,7 W Pinhook Rd,,Lynbrook,NY,11563,7 W Pinhook Rd,,Lynbrook,NY,11563
243,skarpel@cox.net,Karpel,Salena,2215 Prosperity Dr,,Lyndhurst,NJ,7071,2215 Prosperity Dr,,Lyndhurst,NJ,7071
244,yoko@fishburne.com,Fishburne,Yoko,762 S Main St,,Madison,WI,53711,762 S Main St,,Madison,WI,53711
245,taryn.moyd@hotmail.com,Moyd,Taryn,4 Nw 12th St #3849,,Madison,WI,53717,4 Nw 12th St #3849,,Madison,WI,53717
246,katina_polidori@aol.com,Polidori,Katina,40 Cambridge Ave,,Madison,WI,53715,40 Cambridge Ave,,Madison,WI,53715
247,rickie.plumer@aol.com,Plumer,Rickie,3338 A Lockport Pl #6,,Margate City,NJ,8402,3338 A Lockport Pl #6,,Margate City,NJ,8402
248,alex@loader.com,Loader,Alex,54169 N Main St,,Massapequa,NY,11758,54169 N Main St,,Massapequa,NY,11758
249,lashon@aol.com,Vizarro,Lashon,5 Cabot Rd,,Mc Lean,VA,22102,64 5th Ave #1153,,Mc Lean,VA,22102
250,lburnard@burnard.com,Burnard,Lauran,69734 E Carrillo St,,Mc Minnville,TN,37110,69734 E Carrillo St,,Mc Minnville,TN,37110
251,ceola.setter@setter.org,Setter,Ceola,1 S Pine St,,Memphis,TN,38112,1 S Pine St,,Memphis,TN,38112
252,my@hotmail.com,Rantanen,My,2759 Livingston Ave,,Memphis,TN,38118,2759 Livingston Ave,,Memphis,TN,38118
253,lorrine.worlds@worlds.com,Worlds,Lorrine,2 W Grand Ave,,Memphis,TN,38112,2 W Grand Ave,,Memphis,TN,38112
254,peggie@cox.net,Sturiale,Peggie,919 Wall Blvd,,Meridian,MS,39307,919 Wall Blvd,,Meridian,MS,39307
255,mraymo@yahoo.com,Raymo,Marvel,72 Southern Blvd,,Mesa,AZ,85204,72 Southern Blvd,,Mesa,AZ,85204
256,daron_dinos@cox.net,Dinos,Daron,2 Se 3rd Ave,,Mesquite,TX,75149,2 Se 3rd Ave,,Mesquite,TX,75149
257,an_fritz@hotmail.com,Fritz,An,596 Santa Maria Ave #7913,,Mesquite,TX,75150,596 Santa Maria Ave #7913,,Mesquite,TX,75150
258,portia.stimmel@aol.com,Stimmel,Portia,426 Wolf St,,Metairie,LA,70002,426 Wolf St,,Metairie,LA,70002
259,rhea_aredondo@cox.net,Aredondo,Rhea,678 3rd Ave,,Miami,FL,33196,678 3rd Ave,,Miami,FL,33196
260,bsama@cox.net,Sama,Benedict,32860 Sierra Rd,,Miami,FL,33133,32860 Sierra Rd,,Miami,FL,33133
261,alyce@arias.org,Arias,Alyce,23 Palo Alto Sq,,Miami,FL,33134,23 Palo Alto Sq,,Miami,FL,33134
262,heike@gmail.com,Berganza,Heike,42744 Hamann Industrial Pky #82,,Miami,FL,33136,42744 Hamann Industrial Pky #82,,Miami,FL,33136
263,carey_dopico@dopico.org,Dopico,Carey,1644 Clove Rd,,Miami,FL,33155,1644 Clove Rd,,Miami,FL,33155
264,dottie@hellickson.org,Hellickson,Dottie,19 Amboy Ave,,Miami,FL,33142,19 Amboy Ave,,Miami,FL,33142
265,deandrea@yahoo.com,Hughey,Deandrea,37275 St  Rt 17m M,,Middle Island,NY,11953,37275 St  Rt 17m M,,Middle Island,NY,11953
266,kimberlie_duenas@yahoo.com,Duenas,Kimberlie,481 W Lemon St,,Middleboro,MA,2346,481 W Lemon St,,Middleboro,MA,2346
267,martina_staback@staback.com,Staback,Martina,3273 State St,,Middlesex,NJ,8846,3273 State St,,Middlesex,NJ,8846
268,skye_fillingim@yahoo.com,Fillingim,Skye,278 Bayview Ave,,Milan,MI,48160,278 Bayview Ave,,Milan,MI,48160
269,jade.farrar@yahoo.com,Farrar,Jade,59 Shady Ln #53,,Milwaukee,WI,53214,322 New Horizon Blvd,,Milwaukee,WI,53207
270,charlene.hamilton@hotmail.com,Hamilton,Charlene,9 N College Ave #3,,Milwaukee,WI,53216,9 N College Ave #3,,Milwaukee,WI,53216
271,geoffrey@gmail.com,Acey,Geoffrey,755 Harbor Way,,Milwaukee,WI,53226,755 Harbor Way,,Milwaukee,WI,53226
272,stevie.westerbeck@yahoo.com,Westerbeck,Stevie,1950 5th Ave,,Milwaukee,WI,53209,1950 5th Ave,,Milwaukee,WI,53209
273,pamella@fortino.com,Fortino,Pamella,25 Minters Chapel Rd #9,,Minneapolis,MN,55401,25 Minters Chapel Rd #9,,Minneapolis,MN,55401
274,hhaufler@hotmail.com,Haufler,Harrison,53075 Sw 152nd Ter #615,,Monroe Township,NJ,8831,53075 Sw 152nd Ter #615,,Monroe Township,NJ,8831
275,jengelberg@engelberg.org,Engelberg,Johnna,62260 Park Stre,,Monroe Township,NJ,8831,62260 Park Stre,,Monroe Township,NJ,8831
276,buddy.cloney@yahoo.com,Cloney,Buddy,201 Ridgewood Rd,,Moscow,ID,83843,201 Ridgewood Rd,,Moscow,ID,83843
277,dalene.riden@aol.com,Riden,Dalene,63 Smith Ln #8343,,Moss,TN,38575,63 Smith Ln #8343,,Moss,TN,38575
278,jzurcher@zurcher.org,Zurcher,Jerry,6 Van Buren St,,Mount Vernon,NY,10553,6 Van Buren St,,Mount Vernon,NY,10553
279,hdenooyer@denooyer.org,Denooyer,Haydee,2094 Montour Blvd,,Muskegon,MI,49442,2094 Montour Blvd,,Muskegon,MI,49442
280,joseph_cryer@cox.net,Cryer,Joseph,5221 Bear Valley Rd,,Nashville,TN,37211,134 Lewis Rd,,Nashville,TN,37211
281,deonna_kippley@hotmail.com,Kippley,Deonna,90177 N 55th Ave,,Nashville,TN,37211,90177 N 55th Ave,,Nashville,TN,37211
282,raymon.calvaresi@gmail.com,Calvaresi,Raymon,8139 I Hwy 10 #92,,New Bedford,MA,2745,8139 I Hwy 10 #92,,New Bedford,MA,2745
283,alecia@aol.com,Bubash,Alecia,9122 Carpenter Ave,,New Haven,CT,6511,9122 Carpenter Ave,,New Haven,CT,6511
284,mlayous@hotmail.com,Layous,Ma,759 Eldora St,,New Haven,CT,6515,759 Eldora St,,New Haven,CT,6515
285,detra@aol.com,Coyier,Detra,6649 N Blue Gum St,,New Orleans,LA,70116,6649 N Blue Gum St,,New Orleans,LA,70116
286,terrilyn.rodeigues@cox.net,Rodeigues,Terrilyn,3 Secor Rd,,New Orleans,LA,70112,3 Secor Rd,,New Orleans,LA,70112
287,slacovara@gmail.com,Lacovara,Salome,3718 S Main St,,New Orleans,LA,70130,3718 S Main St,,New Orleans,LA,70130
288,garry_keetch@hotmail.com,Keetch,Garry,90991 Thorburn Ave,,New York,NY,10011,90991 Thorburn Ave,,New York,NY,10011
289,mneither@yahoo.com,Neither,Matthew,2742 Distribution Way,,New York,NY,10025,2742 Distribution Way,,New York,NY,10025
290,theodora.restrepo@restrepo.com,Restrepo,Theodora,128 Bransten Rd,,New York,NY,10011,128 Bransten Rd,,New York,NY,10011
291,noah.kalafatis@aol.com,Kalafatis,Noah,4486 W O St #1,,New York,NY,10003,4486 W O St #1,,New York,NY,10003
292,csweigard@sweigard.com,Sweigard,Carmen,3305 Nabell Ave #679,,New York,NY,10009,3305 Nabell Ave #679,,New York,NY,10009
293,lavonda@cox.net,Hengel,Lavonda,8 Industry Ln,,New York,NY,10002,8 Industry Ln,,New York,NY,10002
294,junita@aol.com,Stoltzman,Junita,229 N Forty Driv,,New York,NY,10011,229 N Forty Driv,,New York,NY,10011
295,herminia@nicolozakes.org,Nicolozakes,Herminia,5 Harrison Rd,,New York,NY,10038,5 Harrison Rd,,New York,NY,10038
296,casie.good@aol.com,Good,Casie,38062 E Main St,,New York,NY,10048,38062 E Main St,,New York,NY,10048
297,reena@hotmail.com,Maisto,Reena,25346 New Rd,,New York,NY,10016,25346 New Rd,,New York,NY,10016
298,mirta_mallett@gmail.com,Mallett,Mirta,7 S San Marcos Rd,,New York,NY,10004,7 S San Marcos Rd,,New York,NY,10004
299,cathrine.pontoriero@pontoriero.com,Pontoriero,Cathrine,87163 N Main Ave,,New York,NY,10013,87163 N Main Ave,,New York,NY,10013
300,ftawil@hotmail.com,Tawil,Filiberto,3 Lawton St,,New York,NY,10013,3 Lawton St,,New York,NY,10013
301,rupthegrove@yahoo.com,Upthegrove,Raul,18 3rd Ave,,New York,NY,10016,18 3rd Ave,,New York,NY,10016
302,sarah.candlish@gmail.com,Candlish,Sarah,47565 W Grand Ave,,Newark,NJ,7105,47565 W Grand Ave,,Newark,NJ,7105
303,lucy@cox.net,Treston,Lucy,6794 Lake Dr E,,Newark,NJ,7104,6794 Lake Dr E,,Newark,NJ,7104
304,jaquas@aquas.com,Aquas,Judy,32820 Corkwood Rd,,Newark,NJ,7104,32820 Corkwood Rd,,Newark,NJ,7104
305,yvonne.tjepkema@hotmail.com,Tjepkema,Yvonne,1610 14th St Nw,,Newport News,VA,23608,1610 14th St Nw,,Newport News,VA,23608
306,kayleigh.lace@yahoo.com,Lace,Kayleigh,8977 Connecticut Ave Nw #3,,Niles,MI,49120,8977 Connecticut Ave Nw #3,,Niles,MI,49120
307,felix_hirpara@cox.net,Hirpara,Felix,4 Carroll St,,North Attleboro,MA,2760,4 Carroll St,,North Attleboro,MA,2760
308,tresa_sweely@hotmail.com,Sweely,Tresa,78112 Morris Ave,,North Haven,CT,6473,78112 Morris Ave,,North Haven,CT,6473
309,kristeen@gmail.com,Turinetti,Kristeen,41 Steel Ct,,Northfield,MN,55057,41 Steel Ct,,Northfield,MN,55057
310,jregusters@regusters.com,Regusters,Jenelle,70 Mechanic St,,Northridge,CA,91325,70 Mechanic St,,Northridge,CA,91325
311,renea@hotmail.com,Monterrubio,Renea,49440 Dearborn St,,Norwalk,CT,6854,49440 Dearborn St,,Norwalk,CT,6854
312,olive@aol.com,Matuszak,Olive,1933 Packer Ave #2,,Novato,CA,94945,1933 Packer Ave #2,,Novato,CA,94945
313,lreiber@cox.net,Reiber,Ligia,993 Washington Ave,,Nutley,NJ,7110,993 Washington Ave,,Nutley,NJ,7110
314,christiane.eschberger@yahoo.com,Eschberger,Christiane,27846 Lafayette Ave,,Oak Hill,FL,32759,27846 Lafayette Ave,,Oak Hill,FL,32759
315,goldie.schirpke@yahoo.com,Schirpke,Goldie,72868 Blackington Ave,,Oakland,CA,94606,72868 Blackington Ave,,Oakland,CA,94606
316,loreta.timenez@hotmail.com,Timenez,Loreta,82 N Highway 67,,Oakley,CA,94561,82 N Highway 67,,Oakley,CA,94561
317,fabiola.hauenstein@hauenstein.org,Hauenstein,Fabiola,6 Ridgewood Center Dr,,Old Forge,PA,18518,6 Ridgewood Center Dr,,Old Forge,PA,18518
318,amie.perigo@yahoo.com,Perigo,Amie,21575 S Apple Creek Rd,,Omaha,NE,68124,21575 S Apple Creek Rd,,Omaha,NE,68124
319,raina.brachle@brachle.org,Brachle,Raina,52777 Leaders Heights Rd,,Ontario,CA,91761,52777 Leaders Heights Rd,,Ontario,CA,91761
320,erinn.canlas@canlas.com,Canlas,Erinn,703 Beville Rd,,Opa Locka,FL,33054,703 Beville Rd,,Opa Locka,FL,33054
321,cherry@lietz.com,Lietz,Cherry,1 N Harlem Ave #9,,Orange,NJ,7050,1 N Harlem Ave #9,,Orange,NJ,7050
322,kattie@vonasek.org,Vonasek,Kattie,93 Redmond Rd #492,,Orlando,FL,32803,93 Redmond Rd #492,,Orlando,FL,32803
323,lilli@aol.com,Scriven,Lilli,7 W Wabansia Ave #227,,Orlando,FL,32822,7 W Wabansia Ave #227,,Orlando,FL,32822
324,whitley.tomasulo@aol.com,Tomasulo,Whitley,2139 Santa Rosa Ave,,Orlando,FL,32801,2139 Santa Rosa Ave,,Orlando,FL,32801
325,badkin@hotmail.com,Adkin,Barbra,75698 N Fiesta Blvd,,Orlando,FL,32806,75698 N Fiesta Blvd,,Orlando,FL,32806
326,hermila_thyberg@hotmail.com,Thyberg,Hermila,63 E Aurora Dr,,Orlando,FL,32804,63 E Aurora Dr,,Orlando,FL,32804
327,jesusita.flister@hotmail.com,Flister,Jesusita,77 222 Dr,,Oroville,CA,95965,77 222 Dr,,Oroville,CA,95965
328,caitlin.julia@julia.org,Julia,Caitlin,7219 Woodfield Rd,,Overland Park,KS,66204,7219 Woodfield Rd,,Overland Park,KS,66204
329,roosevelt.hoffis@aol.com,Hoffis,Roosevelt,55892 Jacksonville Rd,,Owings Mills,MD,21117,55892 Jacksonville Rd,,Owings Mills,MD,21117
330,hhalter@yahoo.com,Halter,Helaine,94290 S Buchanan St,,Pacifica,CA,94044,94290 S Buchanan St,,Pacifica,CA,94044
331,lorean.martabano@hotmail.com,Martabano,Lorean,7 West Ave #1,,Palatine,IL,60067,7 West Ave #1,,Palatine,IL,60067
332,france.buzick@yahoo.com,Buzick,France,3 State Route 35 S,,Paramus,NJ,7652,3 State Route 35 S,,Paramus,NJ,7652
333,jferrario@hotmail.com,Ferrario,Justine,5 W 7th St,,Parkville,MD,21234,5 W 7th St,,Parkville,MD,21234
334,adelina_nabours@gmail.com,Nabours,Adelina,18 Coronado Ave #563,,Pasadena,CA,91106,18 Coronado Ave #563,,Pasadena,CA,91106
335,ddhamer@cox.net,Dhamer,Derick,3381 E 40th Ave,,Passaic,NJ,7055,3381 E 40th Ave,,Passaic,NJ,7055
336,jerry.dallen@yahoo.com,Dallen,Jerry,2726 Charcot Ave,,Paterson,NJ,7501,2726 Charcot Ave,,Paterson,NJ,7501
337,leota.ragel@gmail.com,Ragel,Leota,36 Lancaster Dr Se,,Pearl,MS,39208,36 Lancaster Dr Se,,Pearl,MS,39208
338,jamyot@hotmail.com,Amyot,Jutta,65 W Maple Ave,,Pearl City,HI,96782,65 W Maple Ave,,Pearl City,HI,96782
339,aja_gehrett@hotmail.com,Gehrett,Aja,8429 Miller Rd,,Pelham,NY,10803,8429 Miller Rd,,Pelham,NY,10803
340,kirk.herritt@aol.com,Herritt,Kirk,347 Chestnut St,,Peoria,AZ,85381,347 Chestnut St,,Peoria,AZ,85381
341,leonora@yahoo.com,Mauson,Leonora,6 Harry L Dr #6327,,Perrysburg,OH,43551,6 Harry L Dr #6327,,Perrysburg,OH,43551
342,winfred_brucato@hotmail.com,Brucato,Winfred,209 Decker Dr,,Philadelphia,PA,19132,209 Decker Dr,,Philadelphia,PA,19132
343,tarra.nachor@cox.net,Nachor,Tarra,3 Fort Worth Ave,,Philadelphia,PA,19106,3 Fort Worth Ave,,Philadelphia,PA,19106
344,corinne@loder.org,Loder,Corinne,63381 Jenks Ave,,Philadelphia,PA,19134,63381 Jenks Ave,,Philadelphia,PA,19134
345,dulce_labreche@yahoo.com,Labreche,Dulce,992 Civic Center Dr,,Philadelphia,PA,19123,992 Civic Center Dr,,Philadelphia,PA,19123
346,kate_keneipp@yahoo.com,Keneipp,Kate,73 Southern Blvd,,Philadelphia,PA,19103,73 Southern Blvd,,Philadelphia,PA,19103
347,kaitlyn.ogg@gmail.com,Ogg,Kaitlyn,4379 Highway 116,,Philadelphia,PA,19103,4379 Highway 116,,Philadelphia,PA,19103
348,sherita.saras@cox.net,Saras,Sherita,4441 Point Term Mkt,,Philadelphia,PA,19143,4441 Point Term Mkt,,Philadelphia,PA,19143
349,lstuer@cox.net,Stuer,Lashawnda,910 Rahway Ave,,Philadelphia,PA,19102,910 Rahway Ave,,Philadelphia,PA,19102
350,ernest@cox.net,Syrop,Ernest,73 State Road 434 E,,Phoenix,AZ,85013,73 State Road 434 E,,Phoenix,AZ,85013
351,nobuko.halsey@yahoo.com,Halsey,Nobuko,1 Huntwood Ave,,Phoenix,AZ,85017,1 Huntwood Ave,,Phoenix,AZ,85017
352,lavonna.wolny@hotmail.com,Wolny,Lavonna,96541 W Central Blvd,,Phoenix,AZ,85034,96541 W Central Blvd,,Phoenix,AZ,85034
353,llizama@cox.net,Lizama,Lashaunda,86350 Roszel Rd,,Phoenix,AZ,85012,86350 Roszel Rd,,Phoenix,AZ,85012
354,mariann.bilden@aol.com,Bilden,Mariann,9 W Central Ave,,Phoenix,AZ,85013,9 W Central Ave,,Phoenix,AZ,85013
355,helene@aol.com,Rodenberger,Helene,90131 J St,,Pittstown,NJ,8867,90131 J St,,Pittstown,NJ,8867
356,roselle.estell@hotmail.com,Estell,Roselle,30553 Washington Rd,,Plainfield,NJ,7062,30553 Washington Rd,,Plainfield,NJ,7062
357,sheintzman@hotmail.com,Heintzman,Samira,66552 Malone Rd,,Plaistow,NH,3865,66552 Malone Rd,,Plaistow,NH,3865
358,margart_meisel@yahoo.com,Meisel,Margart,13 Gunnison St,,Plano,TX,75075,13 Gunnison St,,Plano,TX,75075
359,kristofer.bennick@yahoo.com,Bennick,Kristofer,48 Stratford Ave,,Pomona,CA,91768,48 Stratford Ave,,Pomona,CA,91768
360,wacuff@gmail.com,Acuff,Weldon,53 W Carey St,,Port Jervis,NY,12771,53 W Carey St,,Port Jervis,NY,12771
361,shalon@cox.net,Shadrick,Shalon,1 Commerce Way,,Portland,OR,97224,1 Commerce Way,,Portland,OR,97224
362,denise@patak.org,Patak,Denise,4940 Pulaski Park Dr,,Portland,OR,97202,4940 Pulaski Park Dr,,Portland,OR,97202
363,louvenia.beech@beech.com,Beech,Louvenia,60480 Old Us Highway 51,,Preston,MD,21655,60480 Old Us Highway 51,,Preston,MD,21655
364,audry.yaw@yaw.org,Yaw,Audry,2881 Lewis Rd,,Prineville,OR,97754,2881 Lewis Rd,,Prineville,OR,97754
365,kristel.ehmann@aol.com,Ehmann,Kristel,65895 S 16th St,,Providence,RI,2909,65895 S 16th St,,Providence,RI,2909
366,vzepp@gmail.com,Zepp,Vincenza,201 Hawk Ct,,Providence,RI,2904,201 Hawk Ct,,Providence,RI,2904
367,egwalthney@yahoo.com,Gwalthney,Elouise,1 Rancho Del Mar Shopping C,,Providence,RI,2903,1 Rancho Del Mar Shopping C,,Providence,RI,2903
368,venita_maillard@gmail.com,Maillard,Venita,9 Hwy,,Providence,RI,2906,9 Hwy,,Providence,RI,2906
369,kasandra_semidey@semidey.com,Semidey,Kasandra,987 Main St,,Raleigh,NC,27601,987 Main St,,Raleigh,NC,27601
370,xdiscipio@gmail.com,Discipio,Xochitl,3958 S Dupont Hwy #7,,Ramsey,NJ,7446,3958 S Dupont Hwy #7,,Ramsey,NJ,7446
371,mlinahan@yahoo.com,Linahan,Maile,9745 W Main St,,Randolph,NJ,7869,9745 W Main St,,Randolph,NJ,7869
372,krauser@cox.net,Rauser,Krissy,73 Saint Ann St #86,,Reno,NV,89502,73 Saint Ann St #86,,Reno,NV,89502
373,pdubaldi@hotmail.com,Dubaldi,Pete,8 Mcarthur Ln,,Richboro,PA,18954,8 Mcarthur Ln,,Richboro,PA,18954
374,linn_paa@paa.com,Paa,Linn,36 Enterprise St Se,,Richland,WA,99352,36 Enterprise St Se,,Richland,WA,99352
375,paris@hotmail.com,Wide,Paris,39 Franklin Ave,,Richland,WA,99352,39 Franklin Ave,,Richland,WA,99352
376,wynell_dorshorst@dorshorst.org,Dorshorst,Wynell,9677 Commerce Dr,,Richmond,VA,23219,9677 Commerce Dr,,Richmond,VA,23219
377,qbirkner@aol.com,Birkner,Quentin,393 Lafayette Ave,,Richmond,VA,23219,393 Lafayette Ave,,Richmond,VA,23219
378,regenia.kannady@cox.net,Kannady,Regenia,45 E Liberty St,,Ridgefield Park,NJ,7660,45 E Liberty St,,Ridgefield Park,NJ,7660
379,sheron@aol.com,Louissant,Sheron,2409 Alabama Rd,,Riverside,CA,92501,2409 Alabama Rd,,Riverside,CA,92501
380,izetta.funnell@hotmail.com,Funnell,Izetta,9939 N 14th St,,Riverton,NJ,8077,9939 N 14th St,,Riverton,NJ,8077
381,rodolfo@hotmail.com,Butzen,Rodolfo,66697 Park Pl #3224,,Riverton,WY,82501,66697 Park Pl #3224,,Riverton,WY,82501
382,zona@hotmail.com,Colla,Zona,9581 E Arapahoe Rd,,Rochester,MI,48307,9581 E Arapahoe Rd,,Rochester,MI,48307
383,szagen@aol.com,Zagen,Serina,7140 University Ave,,Rock Springs,WY,82901,7140 University Ave,,Rock Springs,WY,82901
384,paz_sahagun@cox.net,Sahagun,Paz,798 Lund Farm Way,,Rockaway,NJ,7866,798 Lund Farm Way,,Rockaway,NJ,7866
385,markus@yahoo.com,Lukasik,Markus,394 Manchester Blvd,,Rockford,IL,61109,394 Manchester Blvd,,Rockford,IL,61109
386,jaclyn@aol.com,Bachman,Jaclyn,2140 Diamond Blvd,,Rohnert Park,CA,94928,2140 Diamond Blvd,,Rohnert Park,CA,94928
387,cyril_daufeldt@daufeldt.com,Daufeldt,Cyril,26849 Jefferson Hwy,,Rolling Meadows,IL,60008,26849 Jefferson Hwy,,Rolling Meadows,IL,60008
388,gschnitzler@gmail.com,Schnitzler,Gayla,81 Norris Ave #525,,Ronkonkoma,NY,11779,81 Norris Ave #525,,Ronkonkoma,NY,11779
389,erick_nievas@aol.com,Nievas,Erick,433 Westminster Blvd #590,,Roseville,CA,95661,433 Westminster Blvd #590,,Roseville,CA,95661
390,jennie@cox.net,Drymon,Jennie,5 Washington St #1,,Roseville,CA,95678,5 Washington St #1,,Roseville,CA,95678
391,mscipione@scipione.com,Scipione,Mitsue,17 Us Highway 111,,Round Rock,TX,78664,17 Us Highway 111,,Round Rock,TX,78664
392,cventura@yahoo.com,Ventura,Ciara,3158 Runamuck Pl,,Round Rock,TX,78664,3158 Runamuck Pl,,Round Rock,TX,78664
393,galen@yahoo.com,Cantres,Galen,6916 W Main St,,Sacramento,CA,95827,6916 W Main St,,Sacramento,CA,95827
394,tfeichtner@yahoo.com,Feichtner,Truman,1953 Telegraph Rd,,Saint Joseph,MO,64504,1953 Telegraph Rd,,Saint Joseph,MO,64504
395,gail@kitty.com,Kitty,Gail,4923 Carey Ave,,Saint Louis,MO,63104,4923 Carey Ave,,Saint Louis,MO,63104
396,dalene@schoeneck.org,Schoeneck,Dalene,369 Latham St #500,,Saint Louis,MO,63102,369 Latham St #500,,Saint Louis,MO,63102
397,gertude.witten@gmail.com,Witten,Gertude,2023 Greg St,,Saint Paul,MN,55101,2023 Greg St,,Saint Paul,MN,55101
398,lizbeth@yahoo.com,Kohl,Lizbeth,9 Church St,,Salem,OR,97302,9 Church St,,Salem,OR,97302
399,gberray@gmail.com,Berray,Glenn,9648 S Main,,Salisbury,MD,21801,9648 S Main,,Salisbury,MD,21801
400,lashandra@yahoo.com,Klang,Lashandra,51120 State Route 18,,Salt Lake City,UT,84115,51120 State Route 18,,Salt Lake City,UT,84115
401,lnewville@newville.com,Newville,Lenna,775 W 17th St,,San Antonio,TX,78204,775 W 17th St,,San Antonio,TX,78204
402,laurel@yahoo.com,Pagliuca,Laurel,85092 Southern Blvd,,San Antonio,TX,78204,85092 Southern Blvd,,San Antonio,TX,78204
403,mireya.frerking@hotmail.com,Frerking,Mireya,4 S Washington Ave,,San Bernardino,CA,92410,4 S Washington Ave,,San Bernardino,CA,92410
404,annelle@yahoo.com,Tagala,Annelle,30 W 80th St #1995,,San Carlos,CA,94070,30 W 80th St #1995,,San Carlos,CA,94070
405,dean_ketelsen@gmail.com,Ketelsen,Dean,1 Century Park E,,San Diego,CA,92110,1 Century Park E,,San Diego,CA,92110
406,levi.munis@gmail.com,Munis,Levi,469 Outwater Ln,,San Diego,CA,92126,469 Outwater Ln,,San Diego,CA,92126
407,sylvie@aol.com,Ryser,Sylvie,701 S Harrison Rd,,San Francisco,CA,94104,701 S Harrison Rd,,San Francisco,CA,94104
408,sharee_maile@aol.com,Maile,Sharee,3717 Hamann Industrial Pky,,San Francisco,CA,94104,3717 Hamann Industrial Pky,,San Francisco,CA,94104
409,cordelia_storment@aol.com,Storment,Cordelia,6 Middlegate Rd #106,,San Francisco,CA,94107,6 Middlegate Rd #106,,San Francisco,CA,94107
410,mollie_mcdoniel@yahoo.com,Mcdoniel,Mollie,39 Moccasin Dr,,San Francisco,CA,94104,39 Moccasin Dr,,San Francisco,CA,94104
411,brett.mccullan@mccullan.com,Mccullan,Brett,10276 Brooks St,,San Francisco,CA,94105,10276 Brooks St,,San Francisco,CA,94105
412,teddy_pedrozo@aol.com,Pedrozo,Teddy,83649 W Belmont Ave,,San Gabriel,CA,91776,83649 W Belmont Ave,,San Gabriel,CA,91776
413,tasia_andreason@yahoo.com,Andreason,Tasia,7 W Jackson Blvd,,San Jose,CA,95111,7 W Jackson Blvd,,San Jose,CA,95111
414,hubert@walthall.org,Walthall,Hubert,6 Greenleaf Ave,,San Jose,CA,95111,6 Greenleaf Ave,,San Jose,CA,95111
415,arthur.farrow@yahoo.com,Farrow,Arthur,99385 Charity St #840,,San Jose,CA,95110,99385 Charity St #840,,San Jose,CA,95110
416,vberlanga@berlanga.com,Berlanga,Vilma,1128 Delaware St,,San Jose,CA,95132,1128 Delaware St,,San Jose,CA,95132
417,billye_miro@cox.net,Miro,Billye,524 Louisiana Ave Nw,,San Leandro,CA,94577,68556 Central Hwy,,San Leandro,CA,94577
418,glenna_slayton@cox.net,Slayton,Glenna,2 Monroe St,,San Mateo,CA,94403,2 Monroe St,,San Mateo,CA,94403
419,mitzie_hudnall@yahoo.com,Hudnall,Mitzie,98 University Dr,,San Ramon,CA,94583,98 University Dr,,San Ramon,CA,94583
420,bernardine_rodefer@yahoo.com,Rodefer,Bernardine,11360 S Halsted St,,Santa Ana,CA,92705,11360 S Halsted St,,Santa Ana,CA,92705
421,staci_schmaltz@aol.com,Schmaltz,Staci,195 13n N,,Santa Clara,CA,95054,195 13n N,,Santa Clara,CA,95054
422,nichelle_meteer@meteer.com,Meteer,Nichelle,985 E 6th Ave,,Santa Rosa,CA,95407,985 E 6th Ave,,Santa Rosa,CA,95407
423,jrhoden@yahoo.com,Rhoden,Janine,251 Park Ave #979,,Saratoga,CA,95070,251 Park Ave #979,,Saratoga,CA,95070
424,ettie.hoopengardner@hotmail.com,Hoopengardner,Ettie,77 Massillon Rd #822,,Satellite Beach,FL,32937,77 Massillon Rd #822,,Satellite Beach,FL,32937
425,eden_jayson@yahoo.com,Jayson,Eden,4 58th St #3519,,Scottsdale,AZ,85254,4 58th St #3519,,Scottsdale,AZ,85254
426,lynelle_auber@gmail.com,Auber,Lynelle,10759 Main St,,Scottsdale,AZ,85260,63728 Poway Rd #1,,Scranton,PA,18509
427,merissa.tomblin@gmail.com,Tomblin,Merissa,63728 Poway Rd #1,,Scranton,PA,18509,63728 Poway Rd #1,,Scranton,PA,18509
428,golda_kaniecki@yahoo.com,Kaniecki,Golda,67 E Chestnut Hill Rd,,Seattle,WA,98133,67 E Chestnut Hill Rd,,Seattle,WA,98133
429,catarina_gleich@hotmail.com,Gleich,Catarina,61556 W 20th Ave,,Seattle,WA,98104,61556 W 20th Ave,,Seattle,WA,98104
430,vkiel@hotmail.com,Kiel,Virgie,636 Commerce Dr #42,,Shakopee,MN,55379,636 Commerce Dr #42,,Shakopee,MN,55379
431,jolene@yahoo.com,Ostolaza,Jolene,86 Nw 66th St #8673,,Shawnee,KS,66218,86 Nw 66th St #8673,,Shawnee,KS,66218
432,keneth@yahoo.com,Borgman,Keneth,5 Boston Ave #88,,Sioux Falls,SD,57105,5 Boston Ave #88,,Sioux Falls,SD,57105
433,rikki@nayar.com,Nayar,Rikki,749 W 18th St #45,,Smithfield,NC,27577,749 W 18th St #45,,Smithfield,NC,27577
434,elke_sengbusch@yahoo.com,Sengbusch,Elke,61304 N French Rd,,Somerset,NJ,8873,61304 N French Rd,,Somerset,NJ,8873
435,hoa@sarao.org,Sarao,Hoa,406 Main St,,Somerville,NJ,8876,406 Main St,,Somerville,NJ,8876
436,trinidad_mcrae@yahoo.com,Mcrae,Trinidad,55713 Lake City Hwy,,South Bend,IN,46601,55713 Lake City Hwy,,South Bend,IN,46601
437,mari_lueckenbach@yahoo.com,Lueckenbach,Mari,577 Parade St,,South San Francisco,CA,94080,577 Parade St,,South San Francisco,CA,94080
438,selma.husser@cox.net,Husser,Selma,5 Green Pond Rd #4,,Southampton,PA,18966,5 Green Pond Rd #4,,Southampton,PA,18966
439,aonofrio@onofrio.com,Onofrio,Antione,57 Haven Ave #90,,Southfield,MI,48075,57 Haven Ave #90,,Southfield,MI,48075
440,ljurney@hotmail.com,Jurney,Luisa,84 Bloomfield Ave,,Spartanburg,SC,29301,84 Bloomfield Ave,,Spartanburg,SC,29301
441,clorinda.heimann@hotmail.com,Heimann,Clorinda,44 W 4th St,,Staten Island,NY,10309,44 W 4th St,,Staten Island,NY,10309
442,dick@yahoo.com,Wenzinger,Dick,89 20th St E #779,,Sterling Heights,MI,48310,89 20th St E #779,,Sterling Heights,MI,48310
443,ahmed.angalich@angalich.com,Angalich,Ahmed,1 Central Ave,,Stevens Point,WI,54481,1 Central Ave,,Stevens Point,WI,54481
444,iluminada.ohms@yahoo.com,Ohms,Iluminada,3196 S Rider Trl,,Stockton,CA,95207,3196 S Rider Trl,,Stockton,CA,95207
445,joanna_leinenbach@hotmail.com,Leinenbach,Joanna,944 Gaither Dr,,Strongsville,OH,44136,944 Gaither Dr,,Strongsville,OH,44136
446,caprice@aol.com,Suell,Caprice,62 W Austin St,,Syosset,NY,11791,62 W Austin St,,Syosset,NY,11791
447,stephane_myricks@cox.net,Myricks,Stephane,422 E 21st St,,Syracuse,NY,13214,422 E 21st St,,Syracuse,NY,13214
448,quentin_swayze@yahoo.com,Swayze,Quentin,37 N Elm St #916,,Tacoma,WA,98409,37 N Elm St #916,,Tacoma,WA,98409
449,annmarie_castros@gmail.com,Castros,Annmarie,8 Fair Lawn Ave,,Tampa,FL,33614,8 Fair Lawn Ave,,Tampa,FL,33614
450,shonda_greenbush@cox.net,Greenbush,Shonda,3211 E Northeast Loop,,Tampa,FL,33619,3211 E Northeast Loop,,Tampa,FL,33619
451,clapage@lapage.com,Lapage,Cecil,1 State Route 27,,Taylor,MI,48180,1 State Route 27,,Taylor,MI,48180
452,jeanice.claucherty@yahoo.com,Claucherty,Jeanice,326 E Main St #6496,,Thousand Oaks,CA,91362,5 N Cleveland Massillon Rd,,Thousand Oaks,CA,91362
453,josphine_villanueva@villanueva.com,Villanueva,Josphine,62 Monroe St,,Thousand Palms,CA,92276,62 Monroe St,,Thousand Palms,CA,92276
454,dperruzza@perruzza.com,Perruzza,Daniel,3 N Groesbeck Hwy,,Toledo,OH,43613,3 N Groesbeck Hwy,,Toledo,OH,43613
455,cassi.wildfong@aol.com,Wildfong,Cassi,7422 Martin Ave #8,,Toledo,OH,43607,7422 Martin Ave #8,,Toledo,OH,43607
456,britt@galam.org,Galam,Britt,6201 S Nevada Ave,,Toms River,NJ,8755,6201 S Nevada Ave,,Toms River,NJ,8755
457,adell.lipkin@lipkin.com,Lipkin,Adell,7 Flowers Rd #403,,Trenton,NJ,8611,7 Flowers Rd #403,,Trenton,NJ,8611
458,jacqueline.rowling@yahoo.com,Rowling,Jacqueline,99 5th Ave #33,,Trion,GA,30753,99 5th Ave #33,,Trion,GA,30753
459,lonny_weglarz@gmail.com,Weglarz,Lonny,9 Norristown Rd,,Troy,NY,12180,9 Norristown Rd,,Troy,NY,12180
460,lonna_diestel@gmail.com,Diestel,Lonna,39 S 7th St,,Tullahoma,TN,37388,39 S 7th St,,Tullahoma,TN,37388
461,cristal@cox.net,Samara,Cristal,2239 Shawnee Mission Pky,,Tullahoma,TN,37388,2239 Shawnee Mission Pky,,Tullahoma,TN,37388
462,kenneth.grenet@grenet.org,Grenet,Kenneth,649 Tulane Ave,,Tulsa,OK,74105,649 Tulane Ave,,Tulsa,OK,74105
463,emclaird@mclaird.com,Mclaird,Elli,4 Stovall St #72,,Union City,NJ,7087,4 Stovall St #72,,Union City,NJ,7087
464,ajeanty@gmail.com,Jeanty,Alline,6 Sunrise Ave,,Utica,NY,13501,6 Sunrise Ave,,Utica,NY,13501
465,sharika.eanes@aol.com,Eanes,Sharika,22 Bridle Ln,,Valley Park,MO,63088,22 Bridle Ln,,Valley Park,MO,63088
466,nu@gmail.com,Mcnease,Nu,4 Otis St,,Van Nuys,CA,91405,4 Otis St,,Van Nuys,CA,91405
467,dcomnick@cox.net,Comnick,Daniela,8739 Hudson St,,Vashon,WA,98070,8739 Hudson St,,Vashon,WA,98070
468,cecilia_colaizzo@colaizzo.com,Colaizzo,Cecilia,88 15th Ave Ne,,Vestal,NY,13850,88 15th Ave Ne,,Vestal,NY,13850
469,leslie@cox.net,Threets,Leslie,840 15th Ave,,Waco,TX,76708,840 15th Ave,,Waco,TX,76708
470,nan@koppinger.com,Koppinger,Nan,8927 Vandever Ave,,Waco,TX,76707,8927 Vandever Ave,,Waco,TX,76707
471,idewar@dewar.com,Dewar,Izetta,96263 Greenwood Pl,,Warren,ME,4864,96263 Greenwood Pl,,Warren,ME,4864
472,tegan.arceo@arceo.org,Arceo,Tegan,9 Front St,,Washington,DC,20001,9 Front St,,Washington,DC,20001
473,ruthann@hotmail.com,Keener,Ruthann,40 9th Ave Sw #91,,Waterford,MI,48329,40 9th Ave Sw #91,,Waterford,MI,48329
474,joni_breland@cox.net,Breland,Joni,71 San Mateo Ave,,Wayne,PA,19087,71 San Mateo Ave,,Wayne,PA,19087
475,vrentfro@cox.net,Rentfro,Vi,74989 Brandon St,,Wellsville,NY,14895,74989 Brandon St,,Wellsville,NY,14895
476,colette.kardas@yahoo.com,Kardas,Colette,1 Midway Rd,,Westborough,MA,1581,1 Midway Rd,,Westborough,MA,1581
477,malcolm_tromblay@cox.net,Tromblay,Malcolm,4545 Courthouse Rd,,Westbury,NY,11590,4545 Courthouse Rd,,Westbury,NY,11590
478,ryan@cox.net,Harnos,Ryan,44 58th St,,Wheeling,IL,60090,44 58th St,,Wheeling,IL,60090
479,jess.chaffins@chaffins.org,Chaffins,Jess,65 Mountain View Dr,,Whippany,NJ,7981,65 Mountain View Dr,,Whippany,NJ,7981
480,sbourbon@yahoo.com,Bourbon,Sharen,6535 Joyce St,,Wichita Falls,TX,76301,6535 Joyce St,,Wichita Falls,TX,76301
481,nickolas_juvera@cox.net,Juvera,Nickolas,5 Little River Tpke,,Wilmington,MA,1887,5 Little River Tpke,,Wilmington,MA,1887
482,gary_nunlee@nunlee.org,Nunlee,Gary,57254 Brickell Ave #372,,Worcester,MA,1602,3 Aspen St,,Worcester,MA,1602
483,diane@cox.net,Devreese,Diane,2094 Ne 36th Ave,,Worcester,MA,1603,2094 Ne 36th Ave,,Worcester,MA,1603
484,roslyn.chavous@chavous.org,Chavous,Roslyn,7667 S Hulen St #42,,Yonkers,NY,10701,7667 S Hulen St #42,,Yonkers,NY,10701
485,glory@yahoo.com,Schieler,Glory,8573 Lincoln Blvd,,York,PA,17404,8573 Lincoln Blvd,,York,PA,17404
